config,seed,d0,d1,d2,d3,d4,d5,d6,d7,d8,d9,d10,d11,d12,d13,d14,d15
baseline,1,4.574810,0.013320,-3.821215,0.560584,2.473291,0.038645,9.026603,0.827079,1.165192,0.934064,-10.615284,0.996094,0.485462,0.014311,0.000218,0.000009
baseline,2,4.496055,0.023302,-3.536465,0.328033,2.552212,0.039878,8.882653,0.769724,1.576700,1.436104,-10.583480,0.996094,0.492786,0.007112,0.000101,0.000002
baseline,3,4.437377,0.009117,-3.606025,0.563749,2.472507,0.038633,8.784652,1.387160,1.314140,1.361836,-10.658379,0.996094,0.272500,0.227181,0.000309,0.000010
baseline,4,4.649097,0.007634,-3.581357,0.634444,2.407137,0.037612,9.187145,1.283760,1.385447,1.021165,-10.613936,0.996094,0.366328,0.132891,0.000724,0.000056
baseline,5,4.561907,0.028293,-3.544818,0.740036,2.375957,0.037124,9.001904,0.844340,1.202514,1.069602,-10.584283,0.996094,0.482637,0.017339,0.000022,0.000003
baseline,6,4.497205,0.018985,-3.173922,0.495801,2.850001,0.044531,8.807318,0.701415,0.760428,1.234424,-10.727811,0.996094,0.499521,0.000290,0.000188,0.000000
baseline,7,4.554827,0.022511,-3.364122,0.385577,2.484719,0.038824,9.018319,0.770743,1.194654,1.249381,-10.574977,0.996094,0.492825,0.006886,0.000287,0.000002
baseline,8,4.440202,0.033681,-3.286549,0.224710,2.629815,0.041091,8.755551,0.783103,1.576738,1.259665,-10.586495,0.996094,0.491108,0.008839,0.000053,0.000001
baseline,9,4.360840,0.014299,-2.986852,0.229446,2.827258,0.044176,8.534660,0.850887,1.510566,1.404910,-10.605917,0.996094,0.482866,0.015994,0.001134,0.000006
baseline,10,4.570753,0.021733,-3.017930,0.448535,2.923061,0.045673,8.907248,0.724977,1.409826,1.238652,-10.586045,0.996094,0.497602,0.002198,0.000193,0.000007
baseline,11,4.593421,0.023497,-3.555039,0.367924,2.223955,0.034749,9.100423,0.858511,1.017720,1.253873,-10.543027,0.996094,0.481235,0.018180,0.000571,0.000014
baseline,12,4.499217,0.038906,-3.962135,0.382988,2.086375,0.032600,8.901693,0.753690,1.600270,1.008052,-10.612349,0.996094,0.494622,0.005266,0.000111,0.000001
spread=0.02,1,4.574810,0.013320,-3.898252,0.634232,2.435542,0.038055,9.029127,0.827079,1.186957,0.944493,-10.615284,0.996094,0.485462,0.014311,0.000218,0.000009
spread=0.02,2,4.496055,0.023302,-3.584317,0.375809,2.535009,0.039610,8.882389,0.769724,1.586479,1.432564,-10.583480,0.996094,0.492786,0.007112,0.000101,0.000002
spread=0.02,3,4.437377,0.009117,-3.821366,0.733318,2.418094,0.037783,8.785765,1.387160,1.578492,1.360578,-10.658379,0.996094,0.272500,0.227181,0.000309,0.000010
spread=0.02,4,4.649097,0.007634,-3.618091,0.655069,2.384278,0.037254,9.185323,1.283760,1.426614,1.035435,-10.613936,0.996094,0.366328,0.132891,0.000724,0.000056
spread=0.02,5,4.561907,0.028293,-3.599266,0.779791,2.336584,0.036509,9.006215,0.844340,1.262487,1.079168,-10.584283,0.996094,0.482637,0.017339,0.000022,0.000003
spread=0.02,6,4.497205,0.018985,-3.252004,0.548657,2.813821,0.043966,8.807476,0.701415,0.770138,1.282082,-10.727811,0.996094,0.499521,0.000290,0.000188,0.000000
spread=0.02,7,4.554827,0.022511,-3.400297,0.403020,2.462010,0.038469,9.018236,0.770743,1.244235,1.283457,-10.574977,0.996094,0.492825,0.006886,0.000287,0.000002
spread=0.02,8,4.440202,0.033681,-3.335193,0.247647,2.597657,0.040588,8.754517,0.783103,1.564503,1.249376,-10.586495,0.996094,0.491108,0.008839,0.000053,0.000001
spread=0.02,9,4.360840,0.014299,-3.025210,0.226097,2.806133,0.043846,8.535806,0.850887,1.557677,1.391618,-10.605917,0.996094,0.482866,0.015994,0.001134,0.000006
spread=0.02,10,4.570753,0.021733,-3.046217,0.473728,2.894035,0.045219,8.899023,0.724977,1.430109,1.254594,-10.586045,0.996094,0.497602,0.002198,0.000193,0.000007
spread=0.02,11,4.593421,0.023497,-3.572317,0.390584,2.202251,0.034410,9.100191,0.858511,1.023870,1.229480,-10.543027,0.996094,0.481235,0.018180,0.000571,0.000014
spread=0.02,12,4.499217,0.038906,-4.011317,0.384269,2.065579,0.032275,8.901720,0.753690,1.618258,1.027801,-10.612349,0.996094,0.494622,0.005266,0.000111,0.000001
spread=0.06,1,4.574810,0.013320,-3.821215,0.560584,2.473291,0.038645,9.026603,0.827079,1.165192,0.934064,-10.615284,0.996094,0.485462,0.014311,0.000218,0.000009
spread=0.06,2,4.496055,0.023302,-3.536465,0.328033,2.552212,0.039878,8.882653,0.769724,1.576700,1.436104,-10.583480,0.996094,0.492786,0.007112,0.000101,0.000002
spread=0.06,3,4.437377,0.009117,-3.606025,0.563749,2.472507,0.038633,8.784652,1.387160,1.314140,1.361836,-10.658379,0.996094,0.272500,0.227181,0.000309,0.000010
spread=0.06,4,4.649097,0.007634,-3.581357,0.634444,2.407137,0.037612,9.187145,1.283760,1.385447,1.021165,-10.613936,0.996094,0.366328,0.132891,0.000724,0.000056
spread=0.06,5,4.561907,0.028293,-3.544818,0.740036,2.375957,0.037124,9.001904,0.844340,1.202514,1.069602,-10.584283,0.996094,0.482637,0.017339,0.000022,0.000003
spread=0.06,6,4.497205,0.018985,-3.173922,0.495801,2.850001,0.044531,8.807318,0.701415,0.760428,1.234424,-10.727811,0.996094,0.499521,0.000290,0.000188,0.000000
spread=0.06,7,4.554827,0.022511,-3.364122,0.385577,2.484719,0.038824,9.018319,0.770743,1.194654,1.249381,-10.574977,0.996094,0.492825,0.006886,0.000287,0.000002
spread=0.06,8,4.440202,0.033681,-3.286549,0.224710,2.629815,0.041091,8.755551,0.783103,1.576738,1.259665,-10.586495,0.996094,0.491108,0.008839,0.000053,0.000001
spread=0.06,9,4.360840,0.014299,-2.986852,0.229446,2.827258,0.044176,8.534660,0.850887,1.510566,1.404910,-10.605917,0.996094,0.482866,0.015994,0.001134,0.000006
spread=0.06,10,4.570753,0.021733,-3.017930,0.448535,2.923061,0.045673,8.907248,0.724977,1.409826,1.238652,-10.586045,0.996094,0.497602,0.002198,0.000193,0.000007
spread=0.06,11,4.593421,0.023497,-3.555039,0.367924,2.223955,0.034749,9.100423,0.858511,1.017720,1.253873,-10.543027,0.996094,0.481235,0.018180,0.000571,0.000014
spread=0.06,12,4.499217,0.038906,-3.962135,0.382988,2.086375,0.032600,8.901693,0.753690,1.600270,1.008052,-10.612349,0.996094,0.494622,0.005266,0.000111,0.000001
spread=0.12,1,4.574810,0.013320,-3.646061,0.447923,2.575443,0.040241,9.021556,0.827079,1.126594,0.899966,-10.615284,0.996094,0.485462,0.014311,0.000218,0.000009
spread=0.12,2,4.496055,0.023302,-3.408835,0.244554,2.618932,0.040921,8.882264,0.769724,1.568903,1.444187,-10.583480,0.996094,0.492786,0.007112,0.000101,0.000002
spread=0.12,3,4.437377,0.009117,-3.277474,0.403164,2.621060,0.040954,8.781608,1.387160,1.130964,1.352717,-10.658379,0.996094,0.272500,0.227181,0.000309,0.000010
spread=0.12,4,4.649097,0.007634,-3.420406,0.559557,2.496157,0.039002,9.188280,1.283760,1.238388,1.001270,-10.613936,0.996094,0.366328,0.132891,0.000724,0.000056
spread=0.12,5,4.561907,0.028293,-3.403352,0.643395,2.490297,0.038911,8.994626,0.844340,1.097087,1.049287,-10.584283,0.996094,0.482637,0.017339,0.000022,0.000003
spread=0.12,6,4.497205,0.018985,-2.999900,0.401330,2.973789,0.046465,8.804602,0.701415,0.806705,1.161095,-10.727811,0.996094,0.499521,0.000290,0.000188,0.000000
spread=0.12,7,4.554827,0.022511,-3.246241,0.342610,2.574379,0.040225,9.016701,0.770743,1.101321,1.172259,-10.574977,0.996094,0.492825,0.006886,0.000287,0.000002
spread=0.12,8,4.440202,0.033681,-3.151195,0.177858,2.729433,0.042647,8.755530,0.783103,1.583688,1.299797,-10.586495,0.996094,0.491108,0.008839,0.000053,0.000001
spread=0.12,9,4.360840,0.014299,-2.883046,0.222855,2.904764,0.045387,8.533364,0.850887,1.404749,1.423805,-10.605917,0.996094,0.482866,0.015994,0.001134,0.000006
spread=0.12,10,4.570753,0.021733,-2.919360,0.387724,3.007672,0.046995,8.918423,0.724977,1.375598,1.216725,-10.586045,0.996094,0.497602,0.002198,0.000193,0.000007
spread=0.12,11,4.593421,0.023497,-3.471532,0.315174,2.309327,0.036083,9.099330,0.858511,0.992669,1.292481,-10.543027,0.996094,0.481235,0.018180,0.000571,0.000014
spread=0.12,12,4.499217,0.038906,-3.794543,0.350099,2.181210,0.034081,8.899874,0.753690,1.535442,0.993550,-10.612349,0.996094,0.494622,0.005266,0.000111,0.000001
spread=0.18,1,4.574810,0.013320,-3.435247,0.355475,2.720736,0.042512,9.014144,0.827079,1.074668,0.858729,-10.615284,0.996094,0.485462,0.014311,0.000218,0.000009
spread=0.18,2,4.496055,0.023302,-3.253670,0.192397,2.724360,0.042568,8.880757,0.769724,1.556877,1.456134,-10.583480,0.996094,0.492786,0.007112,0.000101,0.000002
spread=0.18,3,4.437377,0.009117,-2.995970,0.306157,2.829146,0.044205,8.776470,1.387160,1.033387,1.296102,-10.658379,0.996094,0.272500,0.227181,0.000309,0.000010
spread=0.18,4,4.649097,0.007634,-3.205355,0.475753,2.643342,0.041302,9.186898,1.283760,1.087876,0.984860,-10.613936,0.996094,0.366328,0.132891,0.000724,0.000056
spread=0.18,5,4.561907,0.028293,-3.228074,0.541522,2.655088,0.041486,8.985899,0.844340,1.024058,1.022309,-10.584283,0.996094,0.482637,0.017339,0.000022,0.000003
spread=0.18,6,4.497205,0.018985,-2.799925,0.319574,3.159586,0.049369,8.798037,0.701415,0.878877,1.075309,-10.727811,0.996094,0.499521,0.000290,0.000188,0.000000
spread=0.18,7,4.554827,0.022511,-3.095263,0.306130,2.716450,0.042445,9.012371,0.770743,0.998411,1.076324,-10.574977,0.996094,0.492825,0.006886,0.000287,0.000002
spread=0.18,8,4.440202,0.033681,-2.982083,0.137290,2.877169,0.044956,8.752912,0.783103,1.578517,1.366268,-10.586495,0.996094,0.491108,0.008839,0.000053,0.000001
spread=0.18,9,4.360840,0.014299,-2.747696,0.204182,3.029160,0.047331,8.532211,0.850887,1.318818,1.441585,-10.605917,0.996094,0.482866,0.015994,0.001134,0.000006
spread=0.18,10,4.570753,0.021733,-2.785023,0.319245,3.128675,0.048886,8.927294,0.724977,1.344754,1.200276,-10.586045,0.996094,0.497602,0.002198,0.000193,0.000007
spread=0.18,11,4.593421,0.023497,-3.347628,0.260086,2.437106,0.038080,9.096108,0.858511,0.980545,1.319063,-10.543027,0.996094,0.481235,0.018180,0.000571,0.000014
spread=0.18,12,4.499217,0.038906,-3.570380,0.303527,2.338962,0.036546,8.895480,0.753690,1.432310,0.999096,-10.612349,0.996094,0.494622,0.005266,0.000111,0.000001
clusters=4,1,4.563259,0.011058,-4.519878,0.832295,1.936892,0.030264,9.017469,0.923269,1.418462,0.969487,-10.613114,0.996094,0.469965,0.029791,0.000227,0.000017
clusters=4,2,4.501989,0.024855,-4.032908,0.494337,2.303897,0.035998,8.922727,0.832029,1.355150,1.308973,-10.547787,0.996094,0.484596,0.015292,0.000111,0.000001
clusters=4,3,4.432039,0.013410,-4.354960,0.837753,1.926728,0.030105,8.795751,1.173788,0.821914,0.897738,-10.668043,0.996094,0.408778,0.090785,0.000434,0.000002
clusters=4,4,4.635689,0.005539,-4.502848,0.735660,1.972045,0.030813,9.201049,1.402148,1.906557,1.521586,-10.607417,0.996094,0.199122,0.297629,0.003161,0.000085
clusters=4,5,4.555263,0.028750,-4.197439,1.189756,2.039650,0.031870,8.935914,0.801687,0.841834,1.123861,-10.586106,0.996094,0.488709,0.011246,0.000040,0.000005
clusters=4,6,4.495324,0.027077,-4.780783,0.838569,2.217603,0.034650,8.846557,0.716701,1.077690,0.875074,-10.665373,0.996094,0.498273,0.001666,0.000061,0.000000
clusters=4,7,4.545656,0.013904,-4.830517,0.194060,1.748539,0.027321,9.024385,0.853239,1.332754,0.877130,-10.602014,0.996094,0.482019,0.017394,0.000585,0.000002
clusters=4,8,4.458753,0.027269,-4.153849,0.612426,2.149133,0.033580,8.830305,0.796814,1.485662,1.127012,-10.601749,0.996094,0.489401,0.010515,0.000082,0.000002
clusters=4,9,4.354511,0.012209,-2.889871,0.304771,2.836891,0.044326,8.528954,0.940564,1.293131,1.232002,-10.624055,0.996094,0.468477,0.030023,0.001494,0.000006
clusters=4,10,4.581963,0.019578,-3.162220,0.544647,2.644254,0.041316,8.828819,0.748596,1.536856,1.360324,-10.584534,0.996094,0.495281,0.004465,0.000245,0.000008
clusters=4,11,4.578993,0.024529,-4.870590,0.352552,1.590420,0.024850,9.081173,0.815259,1.611897,1.424082,-10.527927,0.996094,0.487243,0.012404,0.000342,0.000011
clusters=4,12,4.496147,0.029625,-4.709571,0.801784,1.977999,0.030906,8.886705,0.837782,1.048344,1.232208,-10.622782,0.996094,0.483862,0.015950,0.000188,0.000001
clusters=12,1,4.566015,0.035211,-2.752359,0.389204,3.090421,0.048288,8.986401,0.724789,0.863492,0.922825,-10.568017,0.996094,0.497577,0.002300,0.000122,0.000001
clusters=12,2,4.496472,0.023002,-2.976170,0.230010,2.785441,0.043523,8.895925,0.892155,1.107912,1.230828,-10.556369,0.996094,0.475101,0.024820,0.000077,0.000002
clusters=12,3,4.465834,0.011178,-2.875055,0.270206,2.888405,0.045131,8.843829,1.313327,1.090507,1.096442,-10.684666,0.996094,0.345142,0.154784,0.000070,0.000003
clusters=12,4,4.641746,0.013588,-2.718760,0.347812,3.021372,0.047209,9.154824,1.023028,0.838852,0.892760,-10.582419,0.996094,0.449461,0.050362,0.000168,0.000009
clusters=12,5,4.550283,0.025555,-2.897825,0.230676,2.969320,0.046396,8.977097,0.911311,1.148137,1.130058,-10.571438,0.996094,0.471666,0.028306,0.000024,0.000004
clusters=12,6,4.523585,0.009025,-2.861635,0.508223,3.181141,0.049705,8.828436,0.993279,0.937052,0.968006,-10.671747,0.996094,0.457804,0.041027,0.001163,0.000005
clusters=12,7,4.552380,0.022152,-2.544423,0.198029,3.304925,0.051639,8.972128,0.819674,0.996001,1.063020,-10.567853,0.996094,0.486574,0.013126,0.000297,0.000003
clusters=12,8,4.496317,0.027709,-2.930921,0.260206,2.899258,0.045301,8.873308,0.765731,1.182062,1.117339,-10.618824,0.996094,0.493273,0.006602,0.000125,0.000000
clusters=12,9,4.357050,0.015327,-2.484609,0.255774,3.346696,0.052292,8.592644,0.802269,1.001433,1.038947,-10.700669,0.996094,0.489303,0.009905,0.000786,0.000005
clusters=12,10,4.593265,0.021317,-2.594323,0.163171,3.239146,0.050612,9.043184,0.727050,1.208730,0.940134,-10.545308,0.996094,0.497507,0.002018,0.000468,0.000007
clusters=12,11,4.590403,0.026648,-2.908527,0.216710,2.896267,0.045254,9.056984,0.907024,1.343202,1.328394,-10.519725,0.996094,0.473356,0.026048,0.000587,0.000009
clusters=12,12,4.499080,0.027019,-2.977674,0.182143,2.865754,0.044777,8.868706,0.737941,1.514423,1.328669,-10.655293,0.996094,0.496285,0.003613,0.000100,0.000003
clusters=32,1,4.564744,0.017955,-2.668682,0.204931,3.260843,0.050951,9.001007,0.789611,1.349531,1.450003,-10.598776,0.996094,0.490737,0.008709,0.000552,0.000002
clusters=32,2,4.497571,0.025718,-2.526990,0.043347,3.408714,0.053261,8.827218,0.978587,1.490275,1.514539,-10.569743,0.996094,0.458917,0.040982,0.000100,0.000000
clusters=32,3,4.510969,0.013779,-2.627196,0.146335,3.209178,0.050143,8.913148,1.029821,0.891731,0.914870,-10.660089,0.996094,0.447832,0.052017,0.000138,0.000014
clusters=32,4,4.577178,0.017252,-2.431640,0.248933,3.477574,0.054337,8.989193,0.960174,0.721106,0.760344,-10.572783,0.996094,0.462641,0.037266,0.000086,0.000007
clusters=32,5,4.513971,0.033965,-2.541412,0.292526,3.379317,0.052802,8.873180,0.790993,0.784741,0.739321,-10.615392,0.996094,0.490099,0.009857,0.000045,0.000000
clusters=32,6,4.612411,0.004517,-2.485249,0.121552,3.469743,0.054215,9.085302,1.307581,0.856369,0.863873,-10.698201,0.996094,0.145125,0.354064,0.000721,0.000089
clusters=32,7,4.620094,0.011932,-2.403205,0.076893,3.523308,0.055052,9.072695,1.183080,1.468639,1.516952,-10.543131,0.996094,0.405892,0.093607,0.000497,0.000004
clusters=32,8,4.533179,0.037349,-2.736344,0.186856,3.128885,0.048889,8.910595,0.697783,0.930245,0.772094,-10.651713,0.996094,0.499741,0.000227,0.000032,0.000000
clusters=32,9,4.347053,0.030491,-2.317057,0.128726,3.621259,0.056582,8.521035,0.787070,0.988088,0.944298,-10.536990,0.996094,0.490787,0.008994,0.000218,0.000001
clusters=32,10,4.572445,0.012653,-2.562216,0.094849,3.311024,0.051735,9.027800,0.826486,1.160568,0.957805,-10.572264,0.996094,0.486091,0.013099,0.000802,0.000007
clusters=32,11,4.555927,0.021706,-2.714429,0.157165,3.159775,0.049371,8.975884,0.965643,1.217636,1.286120,-10.574645,0.996094,0.462443,0.036999,0.000556,0.000001
clusters=32,12,4.489212,0.014911,-2.723287,0.083716,3.208660,0.050135,8.853010,0.822466,1.522705,1.441347,-10.682711,0.996094,0.486180,0.013534,0.000276,0.000010
clusters=64,1,4.591032,0.020115,-2.344910,0.078254,3.622255,0.056598,9.007272,0.886358,1.427891,1.464249,-10.502552,0.996094,0.476295,0.023501,0.000199,0.000005
clusters=64,2,4.473653,0.027286,-2.313700,0.139580,3.680478,0.057507,8.789356,0.740196,1.176974,1.170872,-10.637403,0.996094,0.495995,0.003970,0.000034,0.000000
clusters=64,3,4.573443,0.013429,-2.618682,0.058729,3.250233,0.050785,9.022787,0.770928,1.480715,1.596021,-10.695588,0.996094,0.492564,0.007405,0.000023,0.000007
clusters=64,4,4.481128,0.014156,-2.397993,0.182222,3.574995,0.055859,8.794491,1.218703,0.874429,0.810931,-10.596454,0.996094,0.393702,0.105640,0.000638,0.000019
clusters=64,5,4.497319,0.022890,-2.472663,0.200895,3.468847,0.054201,8.846740,1.222667,0.785223,0.727975,-10.603425,0.996094,0.390413,0.109328,0.000258,0.000001
clusters=64,6,4.601457,0.022916,-2.231426,0.103553,3.820052,0.059688,9.032267,0.715332,1.065011,1.001009,-10.647026,0.996094,0.498413,0.001495,0.000082,0.000010
clusters=64,7,4.582012,0.013419,-2.413108,0.092554,3.562088,0.055658,8.999495,1.288521,1.203720,1.089995,-10.602546,0.996094,0.363440,0.135841,0.000714,0.000003
clusters=64,8,4.646110,0.007086,-2.440400,0.073910,3.497261,0.054645,9.103239,0.982773,1.230585,0.984786,-10.693371,0.996094,0.462245,0.034574,0.003172,0.000009
clusters=64,9,4.442546,0.014918,-2.289775,0.051538,3.692486,0.057695,8.719533,1.247243,1.421582,1.387300,-10.583200,0.996094,0.380993,0.118614,0.000388,0.000004
clusters=64,10,4.574907,0.016471,-2.552327,0.025369,3.379466,0.052804,9.016660,0.834745,1.303566,1.255003,-10.572383,0.996094,0.484321,0.015480,0.000195,0.000003
clusters=64,11,4.475827,0.023769,-2.524036,0.091528,3.449668,0.053901,8.794133,0.791221,1.010464,1.009074,-10.598979,0.996094,0.490623,0.008690,0.000687,0.000000
clusters=64,12,4.603437,0.028837,-2.533349,0.080999,3.424937,0.053515,9.059909,0.708414,1.382447,1.170469,-10.652833,0.996094,0.499040,0.000516,0.000442,0.000001
gamut=0.4,1,4.574810,0.013320,-4.745260,0.406251,1.657264,0.025895,9.100164,0.827079,1.438859,1.444285,-10.615284,0.996094,0.485462,0.014311,0.000218,0.000009
gamut=0.4,2,4.496055,0.023302,-4.409556,0.393332,1.711330,0.026740,8.954738,0.769724,1.184122,1.325248,-10.583480,0.996094,0.492786,0.007112,0.000101,0.000002
gamut=0.4,3,4.437377,0.009117,-4.191107,0.300353,1.750183,0.027347,8.838684,1.387160,1.450657,1.265648,-10.658379,0.996094,0.272500,0.227181,0.000309,0.000010
gamut=0.4,4,4.649097,0.007634,-4.354249,0.638820,1.733383,0.027084,9.257245,1.283760,1.628582,0.863899,-10.613936,0.996094,0.366328,0.132891,0.000724,0.000056
gamut=0.4,5,4.561907,0.028293,-4.430649,0.551309,1.659407,0.025928,9.074005,0.844340,1.676612,1.508235,-10.584283,0.996094,0.482637,0.017339,0.000022,0.000003
gamut=0.4,6,4.497205,0.018985,-4.343644,0.553736,1.785110,0.027892,8.950129,0.701415,0.934214,1.240275,-10.727811,0.996094,0.499521,0.000290,0.000188,0.000000
gamut=0.4,7,4.554827,0.022511,-4.640027,0.366627,1.554587,0.024290,9.075820,0.770743,1.692436,1.127454,-10.574977,0.996094,0.492825,0.006886,0.000287,0.000002
gamut=0.4,8,4.440202,0.033681,-4.398743,0.490547,1.765620,0.027588,8.835977,0.783103,1.653743,1.348114,-10.586495,0.996094,0.491108,0.008839,0.000053,0.000001
gamut=0.4,9,4.360840,0.014299,-4.136007,0.469589,1.964823,0.030700,8.673875,0.850887,1.452343,1.165582,-10.605917,0.996094,0.482866,0.015994,0.001134,0.000006
gamut=0.4,10,4.570753,0.021733,-4.154063,0.563124,1.927109,0.030111,9.084775,0.724977,1.500052,1.137128,-10.586045,0.996094,0.497602,0.002198,0.000193,0.000007
gamut=0.4,11,4.593421,0.023497,-4.426844,0.355320,1.545948,0.024155,9.153865,0.858511,1.216270,1.203250,-10.543027,0.996094,0.481235,0.018180,0.000571,0.000014
gamut=0.4,12,4.499217,0.038906,-4.618156,0.464628,1.503935,0.023499,8.964017,0.753690,1.622052,0.723327,-10.612349,0.996094,0.494622,0.005266,0.000111,0.000001
gamut=0.7,1,4.574810,0.013320,-4.002970,0.493171,2.265410,0.035397,9.050354,0.827079,1.216566,1.039074,-10.615284,0.996094,0.485462,0.014311,0.000218,0.000009
gamut=0.7,2,4.496055,0.023302,-3.717977,0.334085,2.387321,0.037302,8.902414,0.769724,1.624046,1.394425,-10.583480,0.996094,0.492786,0.007112,0.000101,0.000002
gamut=0.7,3,4.437377,0.009117,-3.739497,0.497988,2.294720,0.035855,8.801625,1.387160,1.363805,1.383458,-10.658379,0.996094,0.272500,0.227181,0.000309,0.000010
gamut=0.7,4,4.649097,0.007634,-3.780247,0.667753,2.243965,0.035062,9.208458,1.283760,1.461270,0.976299,-10.613936,0.996094,0.366328,0.132891,0.000724,0.000056
gamut=0.7,5,4.561907,0.028293,-3.716055,0.693569,2.212872,0.034576,9.022784,0.844340,1.250827,1.155823,-10.584283,0.996094,0.482637,0.017339,0.000022,0.000003
gamut=0.7,6,4.497205,0.018985,-3.448333,0.532422,2.633051,0.041141,8.854665,0.701415,0.758836,1.312378,-10.727811,0.996094,0.499521,0.000290,0.000188,0.000000
gamut=0.7,7,4.554827,0.022511,-3.646041,0.399421,2.253460,0.035210,9.035633,0.770743,1.280039,1.246058,-10.574977,0.996094,0.492825,0.006886,0.000287,0.000002
gamut=0.7,8,4.440202,0.033681,-3.553188,0.293517,2.419519,0.037805,8.779324,0.783103,1.625918,1.219517,-10.586495,0.996094,0.491108,0.008839,0.000053,0.000001
gamut=0.7,9,4.360840,0.014299,-3.226962,0.270600,2.698160,0.042159,8.578872,0.850887,1.460836,1.250259,-10.605917,0.996094,0.482866,0.015994,0.001134,0.000006
gamut=0.7,10,4.570753,0.021733,-3.268982,0.516642,2.777037,0.043391,8.960545,0.724977,1.426751,1.177647,-10.586045,0.996094,0.497602,0.002198,0.000193,0.000007
gamut=0.7,11,4.593421,0.023497,-3.737354,0.367311,2.078999,0.032484,9.115056,0.858511,0.972288,1.154806,-10.543027,0.996094,0.481235,0.018180,0.000571,0.000014
gamut=0.7,12,4.499217,0.038906,-4.145214,0.454734,1.935732,0.030246,8.921455,0.753690,1.641862,0.884964,-10.612349,0.996094,0.494622,0.005266,0.000111,0.000001
gamut=1.0,1,4.574810,0.013320,-3.513791,0.640063,2.824800,0.044137,8.978000,0.827079,1.171927,0.881468,-10.615284,0.996094,0.485462,0.014311,0.000218,0.000009
gamut=1.0,2,4.496055,0.023302,-3.246454,0.303594,2.788133,0.043565,8.844115,0.769724,1.520712,1.098915,-10.583480,0.996094,0.492786,0.007112,0.000101,0.000002
gamut=1.0,3,4.437377,0.009117,-3.300664,0.611608,2.764353,0.043193,8.748042,1.387160,1.071985,1.241798,-10.658379,0.996094,0.272500,0.227181,0.000309,0.000010
gamut=1.0,4,4.649097,0.007634,-3.225810,0.568249,2.693393,0.042084,9.140471,1.283760,1.284023,1.136960,-10.613936,0.996094,0.366328,0.132891,0.000724,0.000056
gamut=1.0,5,4.561907,0.028293,-3.250345,0.777559,2.655842,0.041498,8.958045,0.844340,1.052938,0.895758,-10.584283,0.996094,0.482637,0.017339,0.000022,0.000003
gamut=1.0,6,4.497205,0.018985,-2.720629,0.424597,3.105271,0.048520,8.698914,0.701415,0.874895,1.106670,-10.727811,0.996094,0.499521,0.000290,0.000188,0.000000
gamut=1.0,7,4.554827,0.022511,-2.912550,0.320009,2.880665,0.045010,8.981718,0.770743,1.040612,1.080238,-10.574977,0.996094,0.492825,0.006886,0.000287,0.000002
gamut=1.0,8,4.440202,0.033681,-2.872351,0.222990,2.984882,0.046639,8.708655,0.783103,1.457280,1.454568,-10.586495,0.996094,0.491108,0.008839,0.000053,0.000001
gamut=1.0,9,4.360840,0.014299,-2.596004,0.176194,2.929463,0.045773,8.441968,0.850887,1.411964,1.296115,-10.605917,0.996094,0.482866,0.015994,0.001134,0.000006
gamut=1.0,10,4.570753,0.021733,-2.642813,0.352907,3.026911,0.047295,8.801123,0.724977,1.405418,1.378546,-10.586045,0.996094,0.497602,0.002198,0.000193,0.000007
gamut=1.0,11,4.593421,0.023497,-3.306373,0.371575,2.422064,0.037845,9.071189,0.858511,1.053708,1.463429,-10.543027,0.996094,0.481235,0.018180,0.000571,0.000014
gamut=1.0,12,4.499217,0.038906,-3.652986,0.263836,2.348322,0.036693,8.861648,0.753690,1.540140,1.367292,-10.612349,0.996094,0.494622,0.005266,0.000111,0.000001
conc_skew=0.0,1,5.302537,0.002521,-3.698836,0.553272,2.535061,0.039610,10.483910,1.280574,1.197439,0.859271,-10.758080,0.996094,0.101951,0.389774,0.008166,0.000108
conc_skew=0.0,2,5.278647,0.010670,-3.531153,0.333022,2.561689,0.040026,10.443402,0.851813,1.524234,1.386676,-10.692879,0.996094,0.481983,0.017667,0.000341,0.000009
conc_skew=0.0,3,5.263774,0.005410,-3.642191,0.580900,2.423821,0.037872,10.442852,1.364341,1.281631,1.287670,-10.822967,0.996094,0.196904,0.303060,0.000013,0.000023
conc_skew=0.0,4,5.311947,0.012028,-3.556629,0.625096,2.395875,0.037436,10.517790,0.996544,1.361714,1.050050,-10.678107,0.996094,0.455259,0.044597,0.000124,0.000019
conc_skew=0.0,5,5.301915,0.014321,-3.491932,0.753864,2.440014,0.038125,10.472620,0.918151,1.151579,1.067947,-10.765277,0.996094,0.470457,0.029509,0.000030,0.000004
conc_skew=0.0,6,5.275733,0.004820,-3.223844,0.495863,2.848167,0.044503,10.379326,1.035431,0.824833,1.415018,-10.810781,0.996094,0.449493,0.048819,0.001671,0.000015
conc_skew=0.0,7,5.302470,0.004188,-3.347607,0.385870,2.471846,0.038623,10.510396,1.372610,1.200556,1.250253,-10.751682,0.996094,0.327378,0.169031,0.003584,0.000004
conc_skew=0.0,8,5.271580,0.007756,-3.277773,0.253984,2.620194,0.040941,10.419085,1.351624,1.517197,1.244072,-10.714450,0.996094,0.318208,0.181604,0.000180,0.000007
conc_skew=0.0,9,5.283668,0.007909,-2.940946,0.219482,2.824520,0.044133,10.367388,1.197270,1.496601,1.590605,-10.685363,0.996094,0.404112,0.094426,0.001443,0.000018
conc_skew=0.0,10,5.272308,0.006832,-3.000310,0.460625,2.930517,0.045789,10.306672,0.713602,1.395597,1.256317,-10.796043,0.996094,0.498627,0.000209,0.001126,0.000039
conc_skew=0.0,11,5.303008,0.018081,-3.496338,0.364355,2.278133,0.035596,10.515041,0.797495,0.967242,1.188459,-10.684675,0.996094,0.489518,0.010209,0.000269,0.000004
conc_skew=0.0,12,5.285452,0.009466,-3.929281,0.355837,2.114583,0.033040,10.472801,0.698867,1.595892,1.048638,-10.870165,0.996094,0.499688,0.000138,0.000167,0.000006
conc_skew=1.0,1,4.574810,0.013320,-3.821215,0.560584,2.473291,0.038645,9.026603,0.827079,1.165192,0.934064,-10.615284,0.996094,0.485462,0.014311,0.000218,0.000009
conc_skew=1.0,2,4.496055,0.023302,-3.536465,0.328033,2.552212,0.039878,8.882653,0.769724,1.576700,1.436104,-10.583480,0.996094,0.492786,0.007112,0.000101,0.000002
conc_skew=1.0,3,4.437377,0.009117,-3.606025,0.563749,2.472507,0.038633,8.784652,1.387160,1.314140,1.361836,-10.658379,0.996094,0.272500,0.227181,0.000309,0.000010
conc_skew=1.0,4,4.649097,0.007634,-3.581357,0.634444,2.407137,0.037612,9.187145,1.283760,1.385447,1.021165,-10.613936,0.996094,0.366328,0.132891,0.000724,0.000056
conc_skew=1.0,5,4.561907,0.028293,-3.544818,0.740036,2.375957,0.037124,9.001904,0.844340,1.202514,1.069602,-10.584283,0.996094,0.482637,0.017339,0.000022,0.000003
conc_skew=1.0,6,4.497205,0.018985,-3.173922,0.495801,2.850001,0.044531,8.807318,0.701415,0.760428,1.234424,-10.727811,0.996094,0.499521,0.000290,0.000188,0.000000
conc_skew=1.0,7,4.554827,0.022511,-3.364122,0.385577,2.484719,0.038824,9.018319,0.770743,1.194654,1.249381,-10.574977,0.996094,0.492825,0.006886,0.000287,0.000002
conc_skew=1.0,8,4.440202,0.033681,-3.286549,0.224710,2.629815,0.041091,8.755551,0.783103,1.576738,1.259665,-10.586495,0.996094,0.491108,0.008839,0.000053,0.000001
conc_skew=1.0,9,4.360840,0.014299,-2.986852,0.229446,2.827258,0.044176,8.534660,0.850887,1.510566,1.404910,-10.605917,0.996094,0.482866,0.015994,0.001134,0.000006
conc_skew=1.0,10,4.570753,0.021733,-3.017930,0.448535,2.923061,0.045673,8.907248,0.724977,1.409826,1.238652,-10.586045,0.996094,0.497602,0.002198,0.000193,0.000007
conc_skew=1.0,11,4.593421,0.023497,-3.555039,0.367924,2.223955,0.034749,9.100423,0.858511,1.017720,1.253873,-10.543027,0.996094,0.481235,0.018180,0.000571,0.000014
conc_skew=1.0,12,4.499217,0.038906,-3.962135,0.382988,2.086375,0.032600,8.901693,0.753690,1.600270,1.008052,-10.612349,0.996094,0.494622,0.005266,0.000111,0.000001
conc_skew=3.0,1,3.939803,0.022351,-4.032624,0.580967,2.360099,0.036877,7.757121,0.759983,1.119498,0.982391,-10.532040,0.996094,0.493860,0.006094,0.000032,0.000014
conc_skew=3.0,2,3.840365,0.054449,-3.575841,0.344539,2.523010,0.039422,7.579016,0.742099,1.614537,1.449282,-10.399928,0.996094,0.495829,0.004102,0.000068,0.000001
conc_skew=3.0,3,3.647061,0.019830,-3.665988,0.561927,2.439786,0.038122,7.204845,1.365426,1.305775,1.454021,-10.494266,0.996094,0.303686,0.196176,0.000126,0.000012
conc_skew=3.0,4,4.018593,0.010795,-3.636375,0.644949,2.388018,0.037313,7.928190,1.337421,1.419101,1.019953,-10.575284,0.996094,0.328699,0.171219,0.000028,0.000053
conc_skew=3.0,5,3.794872,0.049995,-3.583122,0.737885,2.343237,0.036613,7.464707,0.826106,1.264771,1.089186,-10.391426,0.996094,0.485369,0.014572,0.000057,0.000002
conc_skew=3.0,6,3.736051,0.047098,-3.143949,0.524913,2.790333,0.043599,7.262105,0.700761,0.715462,1.057410,-10.573337,0.996094,0.499563,0.000268,0.000168,0.000001
conc_skew=3.0,7,3.781161,0.038490,-3.374622,0.399023,2.519064,0.039360,7.467760,0.812455,1.178064,1.408603,-10.408609,0.996094,0.487526,0.012214,0.000254,0.000007
conc_skew=3.0,8,3.692742,0.040164,-3.288098,0.204984,2.640431,0.041257,7.261563,0.732046,1.605960,1.285922,-10.537018,0.996094,0.496852,0.003074,0.000073,0.000001
conc_skew=3.0,9,3.693015,0.022669,-3.061259,0.252213,2.780793,0.043450,7.212992,0.790260,1.476066,1.341857,-10.509454,0.996094,0.490539,0.009067,0.000392,0.000002
conc_skew=3.0,10,3.837845,0.064541,-3.017911,0.452446,2.905137,0.045393,7.417406,0.704413,1.445421,1.278459,-10.406381,0.996094,0.499293,0.000615,0.000088,0.000003
conc_skew=3.0,11,3.978990,0.028002,-3.621689,0.369329,2.158092,0.033720,7.877078,0.949016,1.058283,1.274604,-10.377553,0.996094,0.466810,0.031814,0.001353,0.000023
conc_skew=3.0,12,3.829171,0.086960,-4.007047,0.415753,2.066194,0.032284,7.562418,0.745974,1.649500,0.985938,-10.443002,0.996094,0.495389,0.004574,0.000036,0.000000
pop_drift=0.0,1,4.639179,0.000000,-3.820194,0.565491,2.473678,0.038651,9.154460,0.000000,1.186826,0.919063,0.000000,0.996094,0.000000,0.000000,0.000000,0.000000
pop_drift=0.0,2,4.559521,0.000000,-3.521143,0.326413,2.560701,0.040011,9.007961,0.000000,1.582382,1.470987,0.000000,0.996094,0.000000,0.000000,0.000000,0.000000
pop_drift=0.0,3,4.502034,0.000000,-3.591350,0.557158,2.478885,0.038733,8.916024,0.000000,1.354178,1.404233,0.000000,0.996094,0.000000,0.000000,0.000000,0.000000
pop_drift=0.0,4,4.713619,0.000000,-3.578146,0.640346,2.391250,0.037363,9.319228,0.000000,1.408887,1.060980,0.000000,0.996094,0.000000,0.000000,0.000000,0.000000
pop_drift=0.0,5,4.624030,0.000000,-3.547745,0.744488,2.373252,0.037082,9.126581,0.000000,1.193223,1.068023,0.000000,0.996094,0.000000,0.000000,0.000000,0.000000
pop_drift=0.0,6,4.560921,0.000000,-3.183051,0.498851,2.832042,0.044251,8.935348,0.000000,0.746151,1.192620,0.000000,0.996094,0.000000,0.000000,0.000000,0.000000
pop_drift=0.0,7,4.618027,0.000000,-3.372441,0.380763,2.473876,0.038654,9.146268,0.000000,1.185151,1.291106,0.000000,0.996094,0.000000,0.000000,0.000000,0.000000
pop_drift=0.0,8,4.504298,0.000000,-3.289681,0.240061,2.621859,0.040967,8.889092,0.000000,1.548529,1.285731,0.000000,0.996094,0.000000,0.000000,0.000000,0.000000
pop_drift=0.0,9,4.423934,0.000000,-2.989920,0.244655,2.815810,0.043997,8.657098,0.000000,1.505295,1.367927,0.000000,0.996094,0.000000,0.000000,0.000000,0.000000
pop_drift=0.0,10,4.634492,0.000000,-3.004968,0.451124,2.924435,0.045694,9.034936,0.000000,1.405336,1.241108,0.000000,0.996094,0.000000,0.000000,0.000000,0.000000
pop_drift=0.0,11,4.653006,0.000000,-3.507059,0.362218,2.257894,0.035280,9.215600,0.000000,0.960871,1.188165,0.000000,0.996094,0.000000,0.000000,0.000000,0.000000
pop_drift=0.0,12,4.564269,0.000000,-3.958970,0.380515,2.099860,0.032810,9.031680,0.000000,1.617106,1.038467,0.000000,0.996094,0.000000,0.000000,0.000000,0.000000
pop_drift=0.5,1,4.574810,0.013320,-3.821215,0.560584,2.473291,0.038645,9.026603,0.827079,1.165192,0.934064,-10.615284,0.996094,0.485462,0.014311,0.000218,0.000009
pop_drift=0.5,2,4.496055,0.023302,-3.536465,0.328033,2.552212,0.039878,8.882653,0.769724,1.576700,1.436104,-10.583480,0.996094,0.492786,0.007112,0.000101,0.000002
pop_drift=0.5,3,4.437377,0.009117,-3.606025,0.563749,2.472507,0.038633,8.784652,1.387160,1.314140,1.361836,-10.658379,0.996094,0.272500,0.227181,0.000309,0.000010
pop_drift=0.5,4,4.649097,0.007634,-3.581357,0.634444,2.407137,0.037612,9.187145,1.283760,1.385447,1.021165,-10.613936,0.996094,0.366328,0.132891,0.000724,0.000056
pop_drift=0.5,5,4.561907,0.028293,-3.544818,0.740036,2.375957,0.037124,9.001904,0.844340,1.202514,1.069602,-10.584283,0.996094,0.482637,0.017339,0.000022,0.000003
pop_drift=0.5,6,4.497205,0.018985,-3.173922,0.495801,2.850001,0.044531,8.807318,0.701415,0.760428,1.234424,-10.727811,0.996094,0.499521,0.000290,0.000188,0.000000
pop_drift=0.5,7,4.554827,0.022511,-3.364122,0.385577,2.484719,0.038824,9.018319,0.770743,1.194654,1.249381,-10.574977,0.996094,0.492825,0.006886,0.000287,0.000002
pop_drift=0.5,8,4.440202,0.033681,-3.286549,0.224710,2.629815,0.041091,8.755551,0.783103,1.576738,1.259665,-10.586495,0.996094,0.491108,0.008839,0.000053,0.000001
pop_drift=0.5,9,4.360840,0.014299,-2.986852,0.229446,2.827258,0.044176,8.534660,0.850887,1.510566,1.404910,-10.605917,0.996094,0.482866,0.015994,0.001134,0.000006
pop_drift=0.5,10,4.570753,0.021733,-3.017930,0.448535,2.923061,0.045673,8.907248,0.724977,1.409826,1.238652,-10.586045,0.996094,0.497602,0.002198,0.000193,0.000007
pop_drift=0.5,11,4.593421,0.023497,-3.555039,0.367924,2.223955,0.034749,9.100423,0.858511,1.017720,1.253873,-10.543027,0.996094,0.481235,0.018180,0.000571,0.000014
pop_drift=0.5,12,4.499217,0.038906,-3.962135,0.382988,2.086375,0.032600,8.901693,0.753690,1.600270,1.008052,-10.612349,0.996094,0.494622,0.005266,0.000111,0.000001
pop_drift=1.0,1,4.332996,0.028285,-3.826460,0.557817,2.469951,0.038593,8.543791,1.295527,1.139085,0.954262,-4.440898,0.996094,0.405800,0.078515,0.009793,0.003783
pop_drift=1.0,2,4.256044,0.027178,-3.559298,0.331913,2.537526,0.039649,8.404559,1.499212,1.574916,1.400145,-4.367429,0.996094,0.314238,0.167704,0.014113,0.002650
pop_drift=1.0,3,4.195302,0.035970,-3.628642,0.571122,2.459883,0.038436,8.298591,1.304101,1.272951,1.312304,-4.516014,0.996094,0.115983,0.378350,0.003927,0.001224
pop_drift=1.0,4,4.407202,0.021796,-3.593088,0.630049,2.414926,0.037733,8.700848,1.285368,1.362867,0.985169,-4.711621,0.996094,0.037119,0.426962,0.018933,0.013078
pop_drift=1.0,5,4.323795,0.030336,-3.548826,0.736283,2.371950,0.037062,8.525074,1.468080,1.213803,1.080785,-4.530145,0.996094,0.207711,0.283778,0.002582,0.004773
pop_drift=1.0,6,4.256684,0.018831,-3.175662,0.494034,2.857145,0.044643,8.325222,1.098417,0.802599,1.278883,-4.803569,0.996094,0.449809,0.007535,0.038456,0.000603
pop_drift=1.0,7,4.314953,0.026221,-3.362969,0.394929,2.492081,0.038939,8.537114,1.649675,1.207355,1.214579,-4.531298,0.996094,0.268464,0.184149,0.044222,0.001920
pop_drift=1.0,8,4.199517,0.060906,-3.292501,0.211998,2.628455,0.041070,8.268867,1.167489,1.577146,1.252911,-4.466816,0.996094,0.422187,0.073341,0.003216,0.000514
pop_drift=1.0,9,4.120032,0.031980,-3.000878,0.217119,2.823452,0.044116,8.056640,1.565687,1.490457,1.398644,-4.465719,0.996094,0.332286,0.117007,0.047762,0.001819
pop_drift=1.0,10,4.329764,0.037847,-3.040593,0.444813,2.912469,0.045507,8.425618,1.073629,1.412689,1.228072,-4.431169,0.996094,0.456787,0.024646,0.013907,0.003869
pop_drift=1.0,11,4.355882,0.040398,-3.626296,0.358964,2.176684,0.034011,8.629914,1.322537,1.178525,1.353384,-4.385142,0.996094,0.411892,0.052040,0.028568,0.006597
pop_drift=1.0,12,4.255498,0.092243,-3.976457,0.385460,2.065744,0.032277,8.414533,0.937367,1.580826,0.996732,-4.534723,0.996094,0.471949,0.023391,0.004346,0.000209
